{"cameraMode":{"drawMode":0,"name":"Shaded","section":"Shading Mode"},"sceneLighting":true,"audioPlay":false,"sceneViewState":{"showFog":true,"showMaterialUpdate":true,"showSkybox":true,"showFlares":true,"showImageEffects":true,"showParticleSystems":true},"in2DMode":false,"pivot":{"x":-84.66437530517578,"y":-15.685503005981446,"z":-9.18686294555664},"rotation":{"x":0.07449921220541,"y":-0.6707316040992737,"z":0.05847376957535744,"w":0.7368319630622864},"size":47.827003479003909,"orthographic":false}