{"cameraMode":{"drawMode":0,"name":"Shaded","section":"Shading Mode"},"sceneLighting":true,"audioPlay":false,"sceneViewState":{"showFog":true,"showMaterialUpdate":true,"showSkybox":true,"showFlares":true,"showImageEffects":true,"showParticleSystems":true},"in2DMode":false,"pivot":{"x":-9.32871150970459,"y":2.896063804626465,"z":-14.490645408630371},"rotation":{"x":-0.0009318896336480975,"y":-0.6492499709129334,"z":-0.00814457144588232,"w":0.7615618705749512},"size":7.774137496948242,"orthographic":false}