{"cameraMode":{"drawMode":0,"name":"Shaded","section":"Shading Mode"},"sceneLighting":true,"audioPlay":false,"sceneViewState":{"showFog":true,"showMaterialUpdate":true,"showSkybox":true,"showFlares":true,"showImageEffects":true,"showParticleSystems":true},"in2DMode":false,"pivot":{"x":5.709078788757324,"y":2.8044443130493166,"z":-15.861148834228516},"rotation":{"x":-0.022964511066675187,"y":0.546573281288147,"z":0.005976601969450712,"w":0.8381894826889038},"size":0.8539299368858337,"orthographic":false}