{"cameraMode":{"drawMode":0,"name":"Shaded","section":"Shading Mode"},"sceneLighting":true,"audioPlay":false,"sceneViewState":{"showFog":true,"showMaterialUpdate":true,"showSkybox":true,"showFlares":true,"showImageEffects":true,"showParticleSystems":true},"in2DMode":false,"pivot":{"x":10.86476993560791,"y":-0.016822228208184243,"z":-21.5554256439209},"rotation":{"x":-0.02800438180565834,"y":-0.895508348941803,"z":0.06982343643903732,"w":-0.4406909942626953},"size":4.184754371643066,"orthographic":false}